ユーザー名,名前,アルファベット,コース名,モジュール,レッスン,標準視聴時間,動画時間,進捗状況,視聴完了,視聴開始時間,視聴完了時間,標準視聴時間_分,Highlight
softusing076,曹　澤軍,CAO　ZEJUN,AIサーバー構築基礎コース,AIサーバーとは,AIサーバー基本概念（１）,00:30:00,00:30:07,100%,True,2025-08-04 10:13,2025-08-04 09:54,30.0,background-color: red
softusing076,曹　澤軍,CAO　ZEJUN,AIサーバー構築基礎コース,AIサーバーとは,AIサーバー基本概念（２）,00:30:00,00:30:36,100%,True,2025-08-04 10:39,2025-08-04 11:09,30.0,
softusing076,曹　澤軍,CAO　ZEJUN,AIサーバー構築基礎コース,AIサーバーとは,AIサーバー基本概念（３）,00:30:00,00:30:07,100%,True,2025-08-04 13:05,2025-08-04 13:35,30.0,
softusing076,曹　澤軍,CAO　ZEJUN,AIサーバー構築基礎コース,AIサーバーとは,AIサーバーチップセット,00:30:00,00:30:03,100%,True,2025-08-04 14:29,2025-08-04 14:18,30.0,background-color: red
softusing076,曹　澤軍,CAO　ZEJUN,AIサーバー構築基礎コース,AIサーバーとは,AIアクセラレーター技術 ,00:30:00,00:30:01,100%,True,2025-08-04 14:19,2025-08-04 14:49,30.0,
softusing076,曹　澤軍,CAO　ZEJUN,AIサーバー構築基礎コース,サーバーの構成,AIサーバーのマザーボード（１）,00:30:00,00:30:14,100%,True,2025-08-04 15:22,2025-08-04 15:52,30.0,
softusing076,曹　澤軍,CAO　ZEJUN,AIサーバー構築基礎コース,サーバーの構成,AIサーバーのマザーボード（２）,00:30:00,00:30:12,100%,True,2025-08-04 15:57,2025-08-04 16:27,30.0,
softusing076,曹　澤軍,CAO　ZEJUN,AIサーバー構築基礎コース,サーバーの構成,中央プロセッサー技術（１）,00:30:00,00:30:18,100%,True,2025-08-04 16:44,2025-08-04 17:14,30.0,
softusing076,曹　澤軍,CAO　ZEJUN,AIサーバー構築基礎コース,サーバーの構成,中央プロセッサー技術（２）,00:30:00,00:30:21,100%,True,2025-08-05 09:03,2025-08-05 09:33,30.0,
softusing076,曹　澤軍,CAO　ZEJUN,AIサーバー構築基礎コース,サーバーの構成,中央プロセッサー技術（３）,00:30:00,00:30:23,100%,True,2025-08-05 13:10,2025-08-05 10:04,30.0,background-color: red
softusing076,曹　澤軍,CAO　ZEJUN,AIサーバー構築基礎コース,サーバーの構成,サーバーメモリ（１）,00:30:00,00:30:02,100%,True,2025-08-05 10:08,2025-08-05 10:38,30.0,
softusing076,曹　澤軍,CAO　ZEJUN,AIサーバー構築基礎コース,サーバーの構成,サーバーメモリ（２）,00:30:00,00:30:02,100%,True,2025-08-05 10:39,2025-08-05 11:09,30.0,
softusing076,曹　澤軍,CAO　ZEJUN,AIサーバー構築基礎コース,サーバーの構成,ストレージ,00:30:00,00:30:05,100%,True,2025-08-05 14:16,2025-08-05 14:44,30.0,background-color: red
softusing076,曹　澤軍,CAO　ZEJUN,AIサーバー構築基礎コース,サーバーの構成,他のハードウェア,00:30:00,00:30:02,100%,True,2025-08-05 14:47,2025-08-05 15:17,30.0,
softusing076,曹　澤軍,CAO　ZEJUN,AIサーバー構築基礎コース,サーバーの構成,タワーサーバーの組み立て,00:30:00,00:30:27,100%,True,2025-08-05 15:17,2025-08-05 15:48,30.0,
softusing076,曹　澤軍,CAO　ZEJUN,AIサーバー構築基礎コース,サーバーの構成,ラックサーバーの組み立て,00:30:00,00:30:05,100%,True,2025-08-05 15:48,2025-08-05 16:18,30.0,
softusing076,曹　澤軍,CAO　ZEJUN,AIサーバー構築基礎コース,AIプロセッサ,NVIDIA製品シリーズと特徴（１）,00:30:00,00:30:01,100%,True,2025-08-05 16:38,2025-08-05 17:08,30.0,
softusing076,曹　澤軍,CAO　ZEJUN,AIサーバー構築基礎コース,AIプロセッサ,NVIDIA製品シリーズと特徴（２）,00:30:00,00:30:05,100%,True,2025-08-06 09:00,2025-08-06 09:30,30.0,
softusing076,曹　澤軍,CAO　ZEJUN,AIサーバー構築基礎コース,AIプロセッサ,電力管理冷却システム（１）,00:30:00,00:30:39,100%,True,2025-08-06 09:32,2025-08-06 10:03,30.0,
softusing076,曹　澤軍,CAO　ZEJUN,AIサーバー構築基礎コース,AIプロセッサ,電力管理冷却システム（２）,00:30:00,00:30:11,100%,True,2025-08-06 10:27,2025-08-06 10:58,30.0,
softusing076,曹　澤軍,CAO　ZEJUN,AIサーバー構築基礎コース,AIプロセッサ,マルチプロセッサのAIサーバー構成（１）,00:30:00,00:30:44,100%,True,2025-08-06 10:58,2025-08-06 11:29,30.0,
softusing076,曹　澤軍,CAO　ZEJUN,AIサーバー構築基礎コース,AIプロセッサ,マルチプロセッサのAIサーバー構成（２）,00:30:00,00:30:34,100%,True,2025-08-06 13:00,2025-08-06 13:30,30.0,
softusing076,曹　澤軍,CAO　ZEJUN,AIサーバー構築基礎コース,AIプロセッサ,高性能AIコンピューティング通信（１）,00:30:00,00:30:34,100%,True,2025-08-06 14:01,2025-08-06 14:31,30.0,
softusing076,曹　澤軍,CAO　ZEJUN,AIサーバー構築基礎コース,AIプロセッサ,高性能AIコンピューティング通信（２）,00:30:00,00:30:01,100%,True,2025-08-06 14:32,2025-08-06 15:02,30.0,
softusing076,曹　澤軍,CAO　ZEJUN,AIサーバー構築基礎コース,AIプロセッサ,AIコンピューティングクラスター（１）,00:30:00,00:30:02,100%,True,2025-08-06 15:02,2025-08-06 15:32,30.0,
softusing076,曹　澤軍,CAO　ZEJUN,AIサーバー構築基礎コース,AIプロセッサ,AIコンピューティングクラスター（２）,00:30:00,00:30:55,100%,True,2025-08-06 15:33,2025-08-06 16:04,30.0,
softusing076,曹　澤軍,CAO　ZEJUN,AIサーバー構築基礎コース,サーバーの活用,Linuxシステムとコマンドライン,00:30:00,00:30:08,100%,True,2025-08-06 16:04,2025-08-06 16:34,30.0,
softusing076,曹　澤軍,CAO　ZEJUN,AIサーバー構築基礎コース,サーバーの活用,性能モニタリング,00:30:00,00:30:46,100%,True,2025-08-06 16:34,2025-08-06 17:05,30.0,
softusing076,曹　澤軍,CAO　ZEJUN,AIサーバー構築基礎コース,サーバーの活用,AIデプロイメント,00:30:00,00:30:06,100%,True,2025-08-07 09:11,2025-08-07 09:41,30.0,
softusing076,曹　澤軍,CAO　ZEJUN,AIサーバー構築基礎コース,サーバーの活用,LLMとは,00:30:00,00:30:05,100%,True,2025-08-07 09:57,2025-08-07 10:27,30.0,
softusing076,曹　澤軍,CAO　ZEJUN,AIサーバー構築基礎コース,サーバーの活用,オープンソースLLMモデル,00:30:00,00:30:22,100%,True,2025-08-07 10:27,2025-08-07 10:57,30.0,
softusing076,曹　澤軍,CAO　ZEJUN,AIサーバー構築基礎コース,サーバーの活用,Ollamaの実践的な活用,00:30:00,00:30:23,100%,True,2025-08-07 10:58,2025-08-07 11:28,30.0,
